Name;Starter_Ideas;Ambition;Trigger;Idea1;Idea2;Idea3;Idea4;Idea5;Idea6;Idea7;Adjective;Country
client_ideas;<:land_morale:1005774027152965652> Morale of armies = 0.1 && <:core_creation:1005098690484113489> Core-Creation Cost = -0.10;<:build_cost:1005773315069198356> Construction Cost = -0.1;is_client_nation = yes;Self Rule = <:global_unrest:1005773867131883530> National unrest = -2;Foreign Sheriffs = <:global_tax_modifier:1005098696217739294> National tax modifier = 0.10;Fortified Border = <:defensiveness:1005773436997615728> Fort Defence = 0.15;Foreign Magnates = <:production_efficiency:1005775011753234442> Production efficiency = 0.1;Mercantile Privileges = <:global_prov_trade_power_modifier:1005773683152916560> Provincial trade power = 0.15;Recruitment Centers = <:merc_maintenance_modifier:1005774245986566215> Mercenary maintenance = -0.15;Foreign Advisors = <:advisor_pool:1005120768029499473> Possible Advisors = 1;Client;client
colonial_ideas;<:development_cost:1005773438989914184> Development cost = -0.1 && <:no_religion_penalty:1005774963577462785> Heretic and heathen provinces do not give any penalties = yes;<:land_morale:1005774027152965652> Morale of armies = 0.10;is_colonial_nation = yes;Founding Fathers = <:republican_tradition:1005775244306432000> Yearly republican tradition = 0.5;Continental Trade = <:global_prov_trade_power_modifier:1005773683152916560> Provincial trade power = 0.25;Manufacturing Center of an Empire = <:build_cost:1005773315069198356> Construction Cost = -0.1;Free Thinkers = <:idea_cost:1005773900464005170> Idea cost = -0.1;Colonial Militia = <:global_regiment_cost:1005773686139260979> Regiment cost = -0.1;New Frontiers = <:auto_explore_adjacent_to_colony:1005773281934200832> Automatically discover adjacent when a colony is built. = yes && <:global_colonial_growth:1005773661422227508> Global settler increase = 20;Liberty Heroes = <:free_leader_pool:1005773647891419136> Leader without upkeep = 1;Colonial;Colonial Governor
barbary_pirate_ideas;<:galley_power:1005773653985726475> Galley combat ability = 0.2 && <:privateer_efficiency:1005775010058735687> Privateer efficiency = 0.2;<:republican_tradition:1005775244306432000> Yearly republican tradition = 0.5 && <:legitimacy:1005774036359454720> Yearly Legitimacy = 1;has_reform = Pirate Republic && culture_group = Maghrebi && tag = Tétouan && tag = Salé && ;The Barbary Slave Trade = <:trade_efficiency:1005098702572093592> Trade efficiency = 0.1;Galley Slaves = <:global_sailors_modifier:1005773842528079994> National sailors modifier = 0.25 && <:galley_cost:1005773652287037531> Galley cost = -0.2;Vengeful Refugees = <:own_coast_naval_combat_bonus:1005774978358186059> Naval combat bonus off owned coast;Mazmorras = <:diplomatic_reputation:1005773452348756028> Diplomatic Reputation = 1;Fortified Pirate Strongholds = <:defensiveness:1005773436997615728> Fort Defence = 0.2;Heirs of Al-Andalus = <:unjustified_demands:1005775382953328712> Unjustified demands = -0.25;Board of Captains = The Captains Influence = 0.1 && <:possible_mil_policy:1005774993285714001> Military possible policies = 1;Barbary_Pirate;barbary_pirate
pirate_ideas;<:navy_tradition:1005774958540107819> Yearly navy tradition = 1 && <:free_leader_pool:1005773647891419136> Leader without upkeep = 1;<:unjustified_demands:1005775382953328712> Unjustified demands = -0.25; && has_reform = Pirate Republic &&NOT =  culture_group = Maghrebi && NOT =  tag = Tétouan && NOT =  tag = Salé && tag = New Providence && tag = Port Royal && tag = Tortuga && tag = Libertatia && ;Religious Apathy = <:no_religion_penalty:1005774963577462785> Heretic and heathen provinces do not give any penalties = yes;Plunder! = <:loot_amount:1005772108372127815> Looting speed = 0.25;Buccaneers = <:infantry_cost:1005773915613831249> Infantry Cost = -0.1;Sail in Consort = <:global_naval_engagement_modifier:1005773678597910589> Global naval engagement = 0.2;Elected Quartermasters = <:global_unrest:1005773867131883530> National unrest = -2 && <:naval_morale:1005774954232549396> Morale of navies = 0.1;Pirate Bays = <:own_coast_naval_combat_bonus:1005774978358186059> Naval combat bonus off owned coast;Life of Liberty = <:rebel_support_efficiency:1005775208357036062> Rebel support efficiency = 0.25 && <:sailors_recovery_speed:1005775259980537866> Sailor recovery speed = 0.1;Pirate;pirate
cossack_ideas;<:global_unrest:1005773867131883530> National unrest = -2 && <:loot_amount:1005772108372127815> Looting speed = 0.25;<:shock_damage:1005120789978296391> Shock damage = 0.1;has_reform = Sich Rada;Escaped Serfs = <:manpower_recovery_speed:1005098699531243600> Manpower recovery speed = 0.2;Cossack Hetmanate = <:republican_tradition:1005775244306432000> Yearly republican tradition = 0.5;Steppe Riders = ;Scornful Insults = <:power_projection_from_insults:1005774996259475457> Power projection from insults = 1;Military Society = <:army_tradition:1005773267652591657> Yearly Army Tradition = 0.5;Free the Serfs = <:years_of_nationalism:1005775426955784282> Years of separatism = -5;Cossack Registers = <:possible_mil_policy:1005774993285714001> Military possible policies = 1;Cossack;cossack
berber_ideas;<:naval_attrition:1005774949836927056> Naval attrition = -0.25 && <:may_perform_slave_raid:1005774238487154689> May raid coasts = yes;<:global_trade_power:1005773865437376582> Global trade power = 0.10;culture_group = Maghrebi;Barbary Pirates = <:naval_forcelimit_modifier:1005774951384629288> Naval force limit modifier = 0.25;Desert Warfare = <:hostile_attrition:1005773891261710396> Attrition for enemies = 1;Trans-Saharan Trade = <:trade_efficiency:1005098702572093592> Trade efficiency = 0.1 && <:caravan_power:1005773321108979814> Caravan power = 0.2;Corsairs = <:navy_tradition:1005774958540107819> Yearly navy tradition = 1 && <:privateer_efficiency:1005775010058735687> Privateer efficiency = 0.10;Tuareg Cavalry = <:cavalry_power:1005098688223383734> Cavalry combat ability = 0.10 && <:loot_amount:1005772108372127815> Looting speed = 0.10;Dual Diplomacy = <:diplomatic_upkeep:1005773455423180860> Diplomatic relation = 1;The Brothers Barbarossa = <:galley_power:1005773653985726475> Galley combat ability = 0.20;Berber;Berber
rajput_ideas;<:diplomatic_reputation:1005773452348756028> Diplomatic Reputation = 1 && <:manpower_recovery_speed:1005098699531243600> Manpower recovery speed = 0.1;<:discipline:1005098692254105711> Discipline = 0.05;primary_culture = Rajasthani && primary_culture = Malvi &&NOT =  religion_group = Muslim ;Clan Loyalties = <:global_manpower_modifier:1005773672226771036> National manpower modifier = 0.15;Fortifying Rajputana = <:defensiveness:1005773436997615728> Fort Defence = 0.15;Marwari Horses = ;Rajput Resistance = <:war_exhaustion:1005775395607552072> Monthly war exhaustion = -0.03;Create Rajput Painting School = <:prestige:1005120779614163074> Yearly prestige = 1;Martial Ethos = <:leader_land_fire:1005772047043006535> Land leader fire = 1;Rajput Trading Houses = <:trade_efficiency:1005098702572093592> Trade efficiency = 0.10;Rajput;Rajasthani
telugu_ideas;<:defensiveness:1005773436997615728> Fort Defence = 0.2 && <:merc_maintenance_modifier:1005774245986566215> Mercenary maintenance = -0.15;<:global_manpower_modifier:1005773672226771036> National manpower modifier = 0.1;primary_culture = Telugu;Patronize Telugu Literature = <:prestige:1005120779614163074> Yearly prestige = 1;Telugu Warrior Aristocrats = <:army_tradition:1005773267652591657> Yearly Army Tradition = 0.5;Kakatiya Legacy = <:global_tax_modifier:1005098696217739294> National tax modifier = 0.1;Great Forts of the East = <:fort_maintenance_modifier:1005773641922916452> Fort maintenance = -0.15;Legend of Prataparudra = <:legitimacy:1005774036359454720> Yearly Legitimacy = 1;Diamond Mines of Kollur = <:production_efficiency:1005775011753234442> Production efficiency = 0.1;Encourage Coromandel Trade = <:global_own_trade_power:1005773680036556850> Domestic trade power = 0.1;Telugu;telugu
dravidian_ideas;<:religious_unity:1005120781216383077> Religious unity = 0.33 && <:production_efficiency:1005775011753234442> Production efficiency = 0.1;<:trade_efficiency:1005098702572093592> Trade efficiency = 0.10;culture_group = Dravidian && NOT =  primary_culture = Malayalamreligion = Hindu;Merchants of Southern India = <:trade_range_modifier:1005775272961904760> Trade <:range:1005775205530091561> Colonial range = 0.20;Water Tanks and Canals = <:global_tax_modifier:1005098696217739294> National tax modifier = 0.10;Polygar System = <:global_manpower_modifier:1005773672226771036> National manpower modifier = 0.10;South Indian Mercenaries = <:merc_maintenance_modifier:1005774245986566215> Mercenary maintenance = -0.15;Patronage of Great Temples = <:legitimacy:1005774036359454720> Yearly Legitimacy = 1;South Indian Literature = <:prestige:1005120779614163074> Yearly prestige = 1;Merchant Capitalists = <:merchants:1005774255495053442> Merchants = 1;Dravidian;Dravidian
bengali_ideas;<:merchants:1005774255495053442> Merchants = 1 && <:infantry_power:1005773918675669073> Infantry Combat Ability = 0.1;<:prestige:1005120779614163074> Yearly prestige = 1;primary_culture = Bengali && TAG = Koch && TAG = Kachar && ;Bengali Hindu-Sufi Syncretism = <:religious_unity:1005120781216383077> Religious unity = 0.5;Ganges-Brahmaputra Confluence = <:trade_efficiency:1005098702572093592> Trade efficiency = 0.1;Bengal's Endlessly Productive Rice Fields = <:global_manpower_modifier:1005773672226771036> National manpower modifier = 0.2;Mustard Oil & Ilish Mach = <:war_exhaustion_cost:1005098704614740079> Cost of reducing war exhaustion = -0.10;Jute Production = ;Opium Fields of Bengal = <:global_tax_modifier:1005098696217739294> National tax modifier = 0.1;The Bengal Renaissance = <:global_institution_spread:1005773668795813931> Institution spread = 0.1;Bengali;Bengali
gujarati_ideas;<:merchants:1005774255495053442> Merchants = 1 && <:fort_maintenance_modifier:1005773641922916452> Fort maintenance = -0.15;<:trade_efficiency:1005098702572093592> Trade efficiency = 0.1;primary_culture = Gujarati && primary_culture = Saurashtri && tag = Baglana && ;Kathiawari Horses = <:cavalry_power:1005098688223383734> Cavalry combat ability = 0.1;Establish New Trading Ports = <:global_own_trade_power:1005773680036556850> Domestic trade power = 0.1;Safe Harbor for Jain Bankers = <:interest:1005774014645547138> Interest per annum = -1;Rajput Dynasties = <:diplomatic_reputation:1005773452348756028> Diplomatic Reputation = 1;Protect the Dwarkadhish Temple = <:tolerance_own:1005775364745855036> Tolerance of True Faith = 1;Ashapura Mata = <:legitimacy:1005774036359454720> Yearly Legitimacy = 1;Extend Trade Routes to Africa = <:trade_range_modifier:1005775272961904760> Trade <:range:1005775205530091561> Colonial range = 0.2;Gujarati;Gujarati
indian_muslim_ideas;<:cavalry_cost:1005773403501903894> Cavalry cost = -0.1 && <:cavalry_power:1005098688223383734> Cavalry combat ability = 0.1;<:infantry_power:1005773918675669073> Infantry Combat Ability = 0.1;religion_group = Muslim && culture_group = Hindustani && culture_group = Eastern Aryan && culture_group = Western Aryan &&NOT = primary_culture = Marathi && ;Tolerate the Idol Worshipers = <:religious_unity:1005120781216383077> Religious unity = 0.50;Court Persian = <:global_unrest:1005773867131883530> National unrest = -1;Comprehensive Land Survey = <:global_tax_modifier:1005098696217739294> National tax modifier = 0.10;Counting the People = <:global_manpower_modifier:1005773672226771036> National manpower modifier = 0.10;Equality Under the Law = <:global_trade_power:1005773865437376582> Global trade power = 0.1;High Court Culture = <:prestige:1005120779614163074> Yearly prestige = 1;Sultanate Bureaucracy = <:stability_cost_modifier:1005120800417906871> Stability cost modifier = -0.1;Indian_Muslim;indian_muslim
mindanao_ideas;<:navy_tradition_decay:1005774959932612609> Yearly Yearly navy tradition decay = -0.01 && <:infantry_power:1005773918675669073> Infantry Combat Ability = 0.1;<:global_manpower_modifier:1005773672226771036> National manpower modifier = 0.1;tag = Maguindanao && tag = Lanao && ;An Islamicized Barangay = <:tolerance_heathen:1005101080507600986> Tolerance of Heathens = 2;Unite the Datus = <:global_tax_modifier:1005098696217739294> National tax modifier = 0.1;Protect the Riches of Mindanao = <:global_trade_goods_size_modifier:1005773860764921856> Goods produced modifier = 0.1;Moro Sailors = <:naval_maintenance_modifier:1005774952743567430> Naval maintenance modifier = -0.2;Fortify our Ports = <:defensiveness:1005773436997615728> Fort Defence = 0.2;Guerrilla Warfare = <:land_morale:1005774027152965652> Morale of armies = 0.1;Pirates of Mindanao = <:embargo_efficiency:1005773470321365032> Embargo Efficiency = 0.1 && <:privateer_efficiency:1005775010058735687> Privateer efficiency = 0.25;Mindanao;mindanao
horde_ideas;<:ae_impact:1005120769891762206> Aggressive expansion impact = -0.10 && <:years_of_nationalism:1005775426955784282> Years of separatism = -5;<:stability_cost_modifier:1005120800417906871> Stability cost modifier = -0.10;has_reform = Steppe Nomads;The Life of a Steppe Warrior = ;Traditions of the Great Khan = <:cavalry_power:1005098688223383734> Cavalry combat ability = 0.20;Horse Supplies = <:land_maintenance_modifier:1005774025739489320> Land Maintenance modifier = -0.05;Steppe Leaders = <:leader_land_shock:1005772049727369336> Land leader shock = 1;The Tradition of Conquest = ;Logistics of the Khan = ;The Glory of Conquest = ;Horde;horde
theocracy_ideas;<:manpower_recovery_speed:1005098699531243600> Manpower recovery speed = 0.15 && <:missionaries:1005774270720389220> Missionaries = 1;<:culture_conversion_cost:1005773431515656232> Culture conversion cost = -0.1;government = theocracy && religion_group = Christian;Holy Order = <:discipline:1005098692254105711> Discipline = 0.05;Church Administration = <:stability_cost_modifier:1005120800417906871> Stability cost modifier = -0.10 && <:core_creation:1005098690484113489> Core-Creation Cost = -0.10;True Defender of the Faith = <:defensiveness:1005773436997615728> Fort Defence = 0.25;Let No Man Tolerate the Witch = <:global_missionary_strength:1005773673753485373> Missionary strength = 0.02;Onward Christian Soldiers = <:global_garrison_growth:1005773664261771294> National garrison growth = 0.1 && <:garrison_size:1005773656581996555> Garrison size = 0.1;Turn the Other Cheek = <:hostile_attrition:1005773891261710396> Attrition for enemies = 1;Render unto Caesar = <:global_tax_modifier:1005098696217739294> National tax modifier = 0.10;Theocracy;theocracy
anatolian_beyliks_ideas;<:discipline:1005098692254105711> Discipline = 0.05 && <:core_creation:1005098690484113489> Core-Creation Cost = -0.20;<:army_tradition:1005773267652591657> Yearly Army Tradition = 0.5;primary_culture = Turkish;Traveling Ozan= <:global_unrest:1005773867131883530> National unrest = -1;Seljuq Marches = <:global_manpower_modifier:1005773672226771036> National manpower modifier = 0.10;Akîncî Cavalry = <:cavalry_power:1005098688223383734> Cavalry combat ability = 0.15 && <:loot_amount:1005772108372127815> Looting speed = 0.10;Ghazi = ;Caravanserais = <:trade_efficiency:1005098702572093592> Trade efficiency = 0.1;Anatolian Architecture = <:build_cost:1005773315069198356> Construction Cost = -0.10;Legacy of the Great Seljuq Empire = <:prestige:1005120779614163074> Yearly prestige = 1;Anatolian_Beyliks;anatolian_beyliks
daimyo_ideas;<:spy_offence:1005120798643736636> Spy network construction = 0.2 && <:land_forcelimit_modifier:1005098698046443660> Land force limit modifier = 0.25;<:army_tradition:1005773267652591657> Yearly Army Tradition = 0.5;has_reform = Daimyo && has_reform = Independent Daimyo && has_reform = Shogunate && ;Bushido = <:discipline:1005098692254105711> Discipline = 0.05;The Bun and the Bu = <:idea_cost:1005773900464005170> Idea cost = -0.1;Honor the Ancestors = <:legitimacy:1005774036359454720> Yearly Legitimacy = 1;The Five Rings = <:land_morale:1005774027152965652> Morale of armies = 0.10;Wandering Ronin = <:merc_maintenance_modifier:1005774245986566215> Mercenary maintenance = -0.15;Armies of the Daimyo = <:global_manpower_modifier:1005773672226771036> National manpower modifier = 0.25;Honor Unto Death = <:prestige:1005120779614163074> Yearly prestige = 1;Daimyo;Daimyo
BAV_ideas;<:cavalry_power:1005098688223383734> Cavalry combat ability = 0.1 && <:heir_chance:1005773886434058311> Chance of new heir = 0.5;<:development_cost:1005773438989914184> Development cost = -0.1;primary_culture = Bavarian;Institute the Everlasting Succession = <:legitimacy:1005774036359454720> Yearly Legitimacy = 1;Bring in the Bavarian Purity Law = <:production_efficiency:1005775011753234442> Production efficiency = 0.1;Found the Bavarian State Orchestra = <:prestige:1005120779614163074> Yearly prestige = 1;Establish the Geistlicher Rat = <:global_heretic_missionary_streng:1005773667189403668> Missionary strength vs heretics = 0.03 && <:papal_influence:1005774980123988038> Yearly papal influence = 1;Become Brewmaster General = <:global_tax_modifier:1005098696217739294> National tax modifier = 0.1;Found a Professional Army = <:discipline:1005098692254105711> Discipline = 0.05;Found the Royal Order of Saint George for the Defense of the Immaculate Conception = <:army_tradition:1005773267652591657> Yearly Army Tradition = 0.5;Bavarian;Bavaria
swabian_ideas;<:manpower_recovery_speed:1005098699531243600> Manpower recovery speed = 0.15 && <:merc_maintenance_modifier:1005774245986566215> Mercenary maintenance = -0.15;<:improve_relation_modifier:1005773914078720100> Improve relations = 0.25;primary_culture = Swabian;Swabian Mercenaries = <:mercenary_manpower:1005774252135419987> Mercenary manpower = 0.4;By the River Iller = <:defensiveness:1005773436997615728> Fort Defence = 0.2;Bavarian Resistance = <:land_morale:1005774027152965652> Morale of armies = 0.1;Decapole = <:diplomatic_upkeep:1005773455423180860> Diplomatic relation = 1;Reclaiming the Duchy = <:ae_impact:1005120769891762206> Aggressive expansion impact = -0.1;The Thorn of the Empire = <:legitimacy:1005774036359454720> Yearly Legitimacy = 1;The Habsburg League = <:global_unrest:1005773867131883530> National unrest = -1;Swabian;Swabian
german_ideas;<:infantry_power:1005773918675669073> Infantry Combat Ability = 0.1 && <:merc_maintenance_modifier:1005774245986566215> Mercenary maintenance = -0.15;<:technology_cost:1005120815056044053> Technology cost = -0.05;culture_group = Germanic;Zunft = <:production_efficiency:1005775011753234442> Production efficiency = 0.10;Frühlings- und Herbstmesse = <:global_own_trade_power:1005773680036556850> Domestic trade power = 0.10 && <:trade_efficiency:1005098702572093592> Trade efficiency = 0.05;Reichskreis = <:diplomatic_reputation:1005773452348756028> Diplomatic Reputation = 1;Polizeiordnung = <:global_unrest:1005773867131883530> National unrest = -1;Cuius Regio, Eius Religio = <:global_missionary_strength:1005773673753485373> Missionary strength = 0.01;Thurn und Taxis = <:diplomatic_upkeep:1005773455423180860> Diplomatic relation = 1;Residenzstadt = <:prestige:1005120779614163074> Yearly prestige = 1;German;german
malayan_ideas;<:trade_steering:1005775370697572363> Trade Steering = 0.1 && <:global_ship_cost:1005098694091223040> Ship cost = -0.1;<:naval_tradition_from_battle:1005774955587326002> Naval tradition from battles = 0.5;religion_group = Muslim && tag = Pahang &&culture_group = Malay && NOT = primary_culture = Sumatran && ;Indian Ocean Trade = <:merchants:1005774255495053442> Merchants = 1;Sufi Legacy = <:tolerance_heathen:1005101080507600986> Tolerance of Heathens = 2;Spice Islands = <:production_efficiency:1005775011753234442> Production efficiency = 0.1;Classical Malay = <:idea_cost:1005773900464005170> Idea cost = -0.05;Trading Fleets = <:naval_maintenance_modifier:1005774952743567430> Naval maintenance modifier = -0.2 && <:sailor_maintenance_modifer:1005120782411767882> Sailor maintenance = -0.1;Heirs of Pasai = <:prestige:1005120779614163074> Yearly prestige = 1;Settle the Islands = <:global_colonial_growth:1005773661422227508> Global settler increase = 20;Malayan;Malayan
arabian_ideas;<:global_manpower_modifier:1005773672226771036> National manpower modifier = 0.15 && <:land_attrition:1005774022136582144> Land Attrition = -0.15;<:leader_land_shock:1005772049727369336> Land leader shock = 1;culture_group = Levantine && NOT =  primary_culture = Turkish ;Indian Ocean Trade = <:trade_steering:1005775370697572363> Trade Steering = 0.15;Arabian Horses = <:cavalry_cost:1005773403501903894> Cavalry cost = -0.1 && <:cavalry_flanking:1005773405267701792> Cavalry flanking ability = 0.25;Land of the Prophet = <:global_unrest:1005773867131883530> National unrest = -1;Spreading the Prophet's Word = <:global_missionary_strength:1005773673753485373> Missionary strength = 0.01;Bedouin Traders = <:global_trade_power:1005773865437376582> Global trade power = 0.1;Clan Loyalties = <:leader_land_manuever:1005772048376811661> Land leader maneuver = 1;Arabia = <:prestige:1005120779614163074> Yearly prestige = 1;Arabian;arabian
latin_ideas;<:papal_influence:1005774980123988038> Yearly papal influence = 2 && <:trade_efficiency:1005098702572093592> Trade efficiency = 0.1;<:legitimacy:1005774036359454720> Yearly Legitimacy = 1 && <:republican_tradition:1005775244306432000> Yearly republican tradition = 0.3;culture_group = Latin && capital_scope =  region = Italy ;Italian Renaissance = <:idea_cost:1005773900464005170> Idea cost = -0.05;Italian Condottieri = <:merc_maintenance_modifier:1005774245986566215> Mercenary maintenance = -0.15;Italian Aristocracy = <:global_spy_defence:1005773849121525821> Foreign spy detection = 0.2 ;Trace Italienne = <:defensiveness:1005773436997615728> Fort Defence = 0.05 && <:garrison_size:1005773656581996555> Garrison size = 0.1;High Renaissance Art & Architecture = <:prestige:1005120779614163074> Yearly prestige = 1;Italian Diplomacy = <:diplomatic_upkeep:1005773455423180860> Diplomatic relation = 1 && <:spy_offence:1005120798643736636> Spy network construction = 0.1;Commedia dell'arte = <:stability_cost_modifier:1005120800417906871> Stability cost modifier = -0.10;Latin;Latin
generic_aboriginal_ideas;<:tolerance_own:1005775364745855036> Tolerance of True Faith = 1 && <:stability_cost_modifier:1005120800417906871> Stability cost modifier = -0.1;<:shock_damage:1005120789978296391> Shock damage = 0.1;culture_group = Aboriginal;Aboriginal Art = <:prestige:1005120779614163074> Yearly prestige = 1;Fire-stick Farming = <:development_cost:1005773438989914184> Development cost = -0.1;Walkabout = <:movement_speed:1005774307571548191> Movement speed = 0.1;People of the Outback = <:land_attrition:1005774022136582144> Land Attrition = -0.1;The Sacred Lands = <:global_tax_modifier:1005098696217739294> National tax modifier = 0.1;Dreamtime = <:religious_unity:1005120781216383077> Religious unity = 0.2;Musical Tradition = <:improve_relation_modifier:1005773914078720100> Improve relations = 0.2;Generic_Aboriginal;generic_aboriginal
native_ideas;<:manpower_recovery_speed:1005098699531243600> Manpower recovery speed = 0.15 && <:prestige_from_land:1005775004874571826> <:prestige:1005120779614163074> Yearly prestige from land battles = 1.0;<:diplomatic_upkeep:1005773455423180860> Diplomatic relation = 1;government = Native Tribe && NOT =  primary_culture = TupinambaNOT =  primary_culture = LokonoNOT = capital_scope = && superregion = North America &&region = California &&region = Rio Grande && &&;Counting Coups = <:land_morale:1005774027152965652> Morale of armies = 0.1;Storytelling Tradition = <:idea_cost:1005773900464005170> Idea cost = -0.1;Clan Mothers = <:production_efficiency:1005775011753234442> Production efficiency = 0.1;Adopt Clan Totems = <:stability_cost_modifier:1005120800417906871> Stability cost modifier = -0.1;The Little War = <:global_unrest:1005773867131883530> National unrest = -2;War and Peace Chiefs = <:global_manpower_modifier:1005773672226771036> National manpower modifier = 0.20;Great Winter Hunts = <:global_colonial_growth:1005773661422227508> Global settler increase = 25;Native;Native Tribe
central_indic_ideas;<:land_morale:1005774027152965652> Morale of armies = 0.1 && <:global_manpower_modifier:1005773672226771036> National manpower modifier = 0.15;<:merchants:1005774255495053442> Merchants = 1;primary_culture = Gondi;Securing Our Defenses = <:defensiveness:1005773436997615728> Fort Defence = 0.15;Tribal Religion = <:religious_unity:1005120781216383077> Religious unity = 0.1 && <:global_unrest:1005773867131883530> National unrest = -1;Tigers and Elephants = <:hostile_attrition:1005773891261710396> Attrition for enemies = 1.0;Flexible Caste System = <:num_accepted_cultures:1005098700940509284> Max promoted culture = 1;Raiding the Lowlands = <:infantry_power:1005773918675669073> Infantry Combat Ability = 0.1;Ancient Roots = <:legitimacy:1005774036359454720> Yearly Legitimacy = 1;Formalize Relations with the Chiefs = <:global_tax_modifier:1005098696217739294> National tax modifier = 0.1;Central_Indic;Central Indian
swahili_ideas;<:trade_range_modifier:1005775272961904760> Trade <:range:1005775205530091561> Colonial range = 0.25 && <:light_ship_cost:1005774042625753088> Light ship cost = -0.2;<:global_trade_power:1005773865437376582> Global trade power = 0.1;primary_culture = Swahili;Indian Ocean Trade = <:trade_efficiency:1005098702572093592> Trade efficiency = 0.1 && <:sailor_maintenance_modifer:1005120782411767882> Sailor maintenance = -0.1;Monsoon Season = <:leader_naval_manuever:1005774031766700102> Naval leader maneuver = 1;Great Mosque of Kilwa = <:tolerance_own:1005775364745855036> Tolerance of True Faith = 1;Indian Ocean Melting Pot = <:idea_cost:1005773900464005170> Idea cost = -0.05;Recruit the Unbelievers = <:merc_maintenance_modifier:1005774245986566215> Mercenary maintenance = -0.15;Ivory Trade = <:production_efficiency:1005775011753234442> Production efficiency = 0.1;Familiar Presence Abroad = <:diplomatic_reputation:1005773452348756028> Diplomatic Reputation = 1 && <:diplomatic_upkeep:1005773455423180860> Diplomatic relation = 1;Swahili;Swahili
sumatran_ideas;<:production_efficiency:1005775011753234442> Production efficiency = 0.10 && <:trade_range_modifier:1005775272961904760> Trade <:range:1005775205530091561> Colonial range = 0.15;<:defensiveness:1005773436997615728> Fort Defence = 0.20;primary_culture = Sumatran;Reliance On Trade = <:trade_efficiency:1005098702572093592> Trade efficiency = 0.10;Porch of Mecca = <:global_missionary_strength:1005773673753485373> Missionary strength = 0.02;Spice Pirates = <:light_ship_power:1005774044039225395> Light ship combat ability = 0.10 && <:privateer_efficiency:1005775010058735687> Privateer efficiency = 0.15;Center of Scholarship = <:advisor_cost:1005120766569893988> Advisor cost = -0.15;Merchants of The Indian Ocean = <:merchants:1005774255495053442> Merchants = 1;Legacy of Srivijaya = <:prestige:1005120779614163074> Yearly prestige = 1;Rule of The Sea = <:naval_forcelimit_modifier:1005774951384629288> Naval force limit modifier = 0.25;Sumatran;Sumatran
KUT_ideas;<:global_prov_trade_power_modifier:1005773683152916560> Provincial trade power = 0.1 && <:trade_steering:1005775370697572363> Trade Steering = 0.2;<:global_own_trade_power:1005773680036556850> Domestic trade power = 0.2;primary_culture = Bornean;Earliest Indic State = <:trade_efficiency:1005098702572093592> Trade efficiency = 0.1;Muslim Trading Communities = <:tolerance_heathen:1005101080507600986> Tolerance of Heathens = 2;Riches of Borneo = <:global_trade_goods_size_modifier:1005773860764921856> Goods produced modifier = 0.1;Anti-Piracy Measures = <:defensiveness:1005773436997615728> Fort Defence = 0.1;Encourage Immigration = <:global_manpower_modifier:1005773672226771036> National manpower modifier = 0.15;Consolidation of Borneo = <:global_tax_modifier:1005098696217739294> National tax modifier = 0.1;Subdue the Inlands = <:global_unrest:1005773867131883530> National unrest = -1;Kutai;Kutai
javan_ideas;<:tolerance_heathen:1005101080507600986> Tolerance of Heathens = 2 && <:prestige_decay:1005775002873892884> Yearly <:prestige:1005120779614163074> Yearly prestige decay = -0.01;<:naval_maintenance_modifier:1005774952743567430> Naval maintenance modifier = -0.2;primary_culture = Javanese && primary_culture = Sundanese && ;Candi Shrines = <:religious_unity:1005120781216383077> Religious unity = 0.20;Indianization = <:global_institution_spread:1005773668795813931> Institution spread = 0.1;Dharmashastra = <:global_missionary_strength:1005773673753485373> Missionary strength = 0.02;Pan-Asian Trade = <:merchants:1005774255495053442> Merchants = 1 && <:trade_steering:1005775370697572363> Trade Steering = 0.10;Bi-Yearly Harvest = <:global_trade_goods_size_modifier:1005773860764921856> Goods produced modifier = 0.10;Modernized Ship-Building techniques = <:global_ship_cost:1005098694091223040> Ship cost = -0.10;Terracotta Banking System = <:trade_efficiency:1005098702572093592> Trade efficiency = 0.1;Javan;Javan
evenk_ideas;<:hostile_attrition:1005773891261710396> Attrition for enemies = 1 && <:province_warscore_cost:1005775184969605151> Province warscore cost = -0.1;<:trade_efficiency:1005098702572093592> Trade efficiency = 0.1;primary_culture = Evenk;Family Brigades = <:land_attrition:1005774022136582144> Land Attrition = -0.1 && <:movement_speed:1005774307571548191> Movement speed = 0.05;Reindeer Herding = <:trade_range_modifier:1005775272961904760> Trade <:range:1005775205530091561> Colonial range = 0.15;Self-Sufficiency = <:years_of_nationalism:1005775426955784282> Years of separatism = -5;Siberian Resources = <:build_cost:1005773315069198356> Construction Cost = -0.1;Mongolian Deel = <:mercenary_manpower:1005774252135419987> Mercenary manpower = 0.25 && <:merc_maintenance_modifier:1005774245986566215> Mercenary maintenance = -0.1;Love of the Forest = <:leader_land_manuever:1005772048376811661> Land leader maneuver = 2;New Ways to Hunt = <:fire_damage:1005773634507382784> Land fire damage = 0.1;Evenk;Evenk
siberian_ideas;<:unjustified_demands:1005775382953328712> Unjustified demands = -0.25 && <:land_attrition:1005774022136582144> Land Attrition = -0.15;<:war_exhaustion:1005775395607552072> Monthly war exhaustion = -0.05;has_reform = Siberian Native Council;Hunters of the North = <:hostile_attrition:1005773891261710396> Attrition for enemies = 1;Siberian Fur Trade = <:global_own_trade_power:1005773680036556850> Domestic trade power = 0.1;Enslave the Captives = <:production_efficiency:1005775011753234442> Production efficiency = 0.1;Siberian Backwoods = <:defensiveness:1005773436997615728> Fort Defence = 0.15;Land Bought with Blood = <:prestige_from_land:1005775004874571826> <:prestige:1005120779614163074> Yearly prestige from land battles = 1.0;Successful Raids = <:global_manpower_modifier:1005773672226771036> National manpower modifier = 0.15 && <:reinforce_speed:1005775230482006016> Reinforce speed = 0.05;Hunting Expansion = <:global_colonial_growth:1005773661422227508> Global settler increase = 20;Siberian;Siberian
mesoamerican_ideas;<:heir_chance:1005773886434058311> Chance of new heir = 0.5 && <:vassal_income:1005775394147938406> Income from vassals = 0.25;<:defensiveness:1005773436997615728> Fort Defence = 0.2;religion = Nahuatl && tag = Guamar && tag = Chichimeca && ;Olmec Legacy = <:idea_cost:1005773900464005170> Idea cost = -0.1;Altepetl = <:global_trade_power:1005773865437376582> Global trade power = 0.1;The Ball Game = <:diplomatic_reputation:1005773452348756028> Diplomatic Reputation = 1;The Feathered Serpent = <:global_unrest:1005773867131883530> National unrest = -1;Ritual Bloodletting = <:legitimacy:1005774036359454720> Yearly Legitimacy = 1;Pyramid Architecture = <:build_cost:1005773315069198356> Construction Cost = -0.1;Obsidian and Jade = <:trade_range_modifier:1005775272961904760> Trade <:range:1005775205530091561> Colonial range = 0.2 && <:trade_efficiency:1005098702572093592> Trade efficiency = 0.05;Mesoamerican;Mesoamerican
TIB_ideas;<:global_unrest:1005773867131883530> National unrest = -1 && <:global_missionary_strength:1005773673753485373> Missionary strength = 0.01;<:advisor_cost:1005120766569893988> Advisor cost = -0.10;tag = Tibet && && primary_culture = Tibetan &&primary_culture = Sino-Tibetan && &&religion = Vajrayana &&;Vajrayana Buddhism  = <:stability_cost_modifier:1005120800417906871> Stability cost modifier = -0.10;Bön Influence. = <:leader_land_shock:1005772049727369336> Land leader shock = 1;Yaks! = <:production_efficiency:1005775011753234442> Production efficiency = 0.1;The Way of Virtue= <:tolerance_heretic:1005120820315697223> Tolerance of Heretics = 1 && <:tolerance_heathen:1005101080507600986> Tolerance of Heathens = 1;Potala Palace = <:diplomatic_reputation:1005773452348756028> Diplomatic Reputation = 1;The Way of the Ancients = <:discipline:1005098692254105711> Discipline = 0.05;The Pale Earth School = <:idea_cost:1005773900464005170> Idea cost = -0.1;Tibetan;Tibet
west_african_ideas;<:global_manpower_modifier:1005773672226771036> National manpower modifier = 0.15 && <:loot_amount:1005772108372127815> Looting speed = 0.20;<:diplomats:1005773457105113150> Diplomat = 1;technology_group = West African && NOT = tag = Loango && tag = Ndongo && ;Griot Tradition = <:advisor_pool:1005120768029499473> Possible Advisors = 1;Salt Caravans = <:global_trade_goods_size_modifier:1005773860764921856> Goods produced modifier = 0.10;Kola Nuts = <:global_trade_power:1005773865437376582> Global trade power = 0.1;Ancestors and Crescent = <:religious_unity:1005120781216383077> Religious unity = 0.20;Royal Stables = <:cavalry_cost:1005773403501903894> Cavalry cost = -0.1;The Great River = <:trade_efficiency:1005098702572093592> Trade efficiency = 0.05 && <:envoy_travel_time:1005773616387981323> Envoy travel time = -0.25;Maintain Minor Kings = <:num_accepted_cultures:1005098700940509284> Max promoted culture = 1;West_African;West African
andean_ideas;<:legitimacy:1005774036359454720> Yearly Legitimacy = 1 && <:heir_chance:1005773886434058311> Chance of new heir = 0.5;<:trade_efficiency:1005098702572093592> Trade efficiency = 0.1;technology_group = Andean && NOT =  primary_culture = Aimara ;Talking Knots = <:global_tax_modifier:1005098696217739294> National tax modifier = 0.1;Mountain Roads Network = <:global_prov_trade_power_modifier:1005773683152916560> Provincial trade power = 0.1;Tears of the Sun = <:inflation_reduction:1005774008735764530> Yearly inflation reduction = 0.1;Llamas Farming = <:production_efficiency:1005775011753234442> Production efficiency = 0.10;Monumental Ornaments = <:development_cost:1005773438989914184> Development cost = -0.1;Hidden Cities = <:defensiveness:1005773436997615728> Fort Defence = 0.1;Zampano Music = <:prestige:1005120779614163074> Yearly prestige = 1;Andean;Andean
aymaran_ideas;<:production_efficiency:1005775011753234442> Production efficiency = 0.10 && <:defensiveness:1005773436997615728> Fort Defence = 0.15;<:global_trade_goods_size_modifier:1005773860764921856> Goods produced modifier = 0.1;primary_culture = Aimara;Legacy of Tiwanaku = <:idea_cost:1005773900464005170> Idea cost = -0.1;Yatiri Healing = <:advisor_pool:1005120768029499473> Possible Advisors = 1;Chu'uqi Production = <:land_attrition:1005774022136582144> Land Attrition = -0.10;Cultivate Aymara Dances = <:prestige:1005120779614163074> Yearly prestige = 1;The Tinku Rites = <:land_morale:1005774027152965652> Morale of armies = 0.1;Encourage the Chal'lla = <:stability_cost_modifier:1005120800417906871> Stability cost modifier = -0.15;Ayni Duties = <:global_regiment_recruit_speed:1005773687737290762> Recruitment time = -0.10;Aymaran;aymaran
tupi_ideas;<:reinforce_speed:1005775230482006016> Reinforce speed = 0.1 && <:manpower_recovery_speed:1005098699531243600> Manpower recovery speed = 0.1;<:infantry_cost:1005773915613831249> Infantry Cost = -0.10;primary_culture = Tupinamba;Agnatic Kinship = <:stability_cost_modifier:1005120800417906871> Stability cost modifier = -0.1;The Two Tribes = <:prestige_decay:1005775002873892884> Yearly <:prestige:1005120779614163074> Yearly prestige decay = -0.01;It Is A Good Day To Die = <:infantry_power:1005773918675669073> Infantry Combat Ability = 0.1;Slash And Burn = <:global_manpower_modifier:1005773672226771036> National manpower modifier = 0.15;Cultivate The Land = <:production_efficiency:1005775011753234442> Production efficiency = 0.10;Head Hunters = <:army_tradition_decay:1005773269384843344> Yearly <:army_tradition:1005773267652591657> Yearly Army Tradition Decay = -0.01;Wall Builders = <:defensiveness:1005773436997615728> Fort Defence = 0.10;Tupi;tupi
caucasus_ideas;<:hostile_attrition:1005773891261710396> Attrition for enemies = 1 && <:global_manpower_modifier:1005773672226771036> National manpower modifier = 0.15;<:global_tax_modifier:1005098696217739294> National tax modifier = 0.10;culture_group = Caucasian && primary_culture = Azerbaijani && ;Crossroad Of Cultures = <:num_accepted_cultures:1005098700940509284> Max promoted culture = 1;Alan Mercenaries = <:merc_maintenance_modifier:1005774245986566215> Mercenary maintenance = -0.10 && <:mercenary_manpower:1005774252135419987> Mercenary manpower = 0.15;Hit and Run = <:leader_land_manuever:1005772048376811661> Land leader maneuver = 1;Persian Poetry = <:prestige:1005120779614163074> Yearly prestige = 1;Highland Khans = <:legitimacy:1005774036359454720> Yearly Legitimacy = 1;Eastern Influence = <:army_tradition:1005773267652591657> Yearly Army Tradition = 0.5;Cavalry Armies = <:cavalry_power:1005098688223383734> Cavalry combat ability = 0.1;Caucasus;Caucasus
ruthenian_ideas;<:manpower_recovery_speed:1005098699531243600> Manpower recovery speed = 0.1 && <:global_manpower_modifier:1005773672226771036> National manpower modifier = 0.15;<:discipline:1005098692254105711> Discipline = 0.05;primary_culture = Ruthenian && primary_culture = Byelorussian && ;The Mother of Russian States = <:legitimacy:1005774036359454720> Yearly Legitimacy = 0.5 && <:prestige:1005120779614163074> Yearly prestige = 0.5;Foreign Influences = <:tolerance_heretic:1005120820315697223> Tolerance of Heretics = 2;Zaporozhian Cossacks = <:cavalry_power:1005098688223383734> Cavalry combat ability = 0.15;East and West = <:global_trade_power:1005773865437376582> Global trade power = 0.1;Heritage of the Old Rus' = <:stability_cost_modifier:1005120800417906871> Stability cost modifier = -0.1;Reuniting Rus' = <:years_of_nationalism:1005775426955784282> Years of separatism = -5;Birth of Russian Orthodoxy = <:tolerance_own:1005775364745855036> Tolerance of True Faith = 1;Ruthenian;Ruthenian
guajiro_ideas;<:stability_cost_modifier:1005120800417906871> Stability cost modifier = -0.1 && <:land_forcelimit_modifier:1005098698046443660> Land force limit modifier = 0.2;<:land_maintenance_modifier:1005774025739489320> Land Maintenance modifier = -0.05;primary_culture = Lokono;Warrior Culture = <:infantry_cost:1005773915613831249> Infantry Cost = -0.10;Land Cultivation = <:production_efficiency:1005775011753234442> Production efficiency = 0.1;Orinoco Trade = <:global_trade_power:1005773865437376582> Global trade power = 0.1;Tribal Tolerance = <:num_accepted_cultures:1005098700940509284> Max promoted culture = 1 && <:tolerance_heretic:1005120820315697223> Tolerance of Heretics = 1;Arawak Raiders = <:infantry_power:1005773918675669073> Infantry Combat Ability = 0.1;Enemy Of My Enemy = <:diplomatic_reputation:1005773452348756028> Diplomatic Reputation = 1;Jungle Warfare = <:leader_land_shock:1005772049727369336> Land leader shock = 1;Guajiro;Lokono
shan_ideas;<:heir_chance:1005773886434058311> Chance of new heir = 0.5 && <:num_accepted_cultures:1005098700940509284> Max promoted culture = 1;<:manpower_recovery_speed:1005098699531243600> Manpower recovery speed = 0.15;primary_culture = Shan;Fortified Cities = <:defensiveness:1005773436997615728> Fort Defence = 0.15;Wet Rice Cultivation = <:production_efficiency:1005775011753234442> Production efficiency = 0.10;Sao Pha = <:global_unrest:1005773867131883530> National unrest = -1;Control of the Gem Trade = <:global_own_trade_power:1005773680036556850> Domestic trade power = 0.1;Raiders = <:leader_land_shock:1005772049727369336> Land leader shock = 1 && <:loot_amount:1005772108372127815> Looting speed = 0.10;Shan Chronicles = <:legitimacy:1005774036359454720> Yearly Legitimacy = 1;Expansionism = <:global_manpower_modifier:1005773672226771036> National manpower modifier = 0.25;Shan;Shan
chinese_ideas;<:manpower_recovery_speed:1005098699531243600> Manpower recovery speed = 0.1 && <:adm_tech_cost_modifier:1005120761834520606> Administrative technology cost = -0.05;<:global_manpower_modifier:1005773672226771036> National manpower modifier = 0.25;culture_group = Chinese && tag = Changsheng && ;The Keju Examination = <:advisor_pool:1005120768029499473> Possible Advisors = 1;Scholar Gentry = <:stability_cost_modifier:1005120800417906871> Stability cost modifier = -0.1;Order of the Four Occupations = <:production_efficiency:1005775011753234442> Production efficiency = 0.10;Nation of Rites and Etiquettes = <:prestige:1005120779614163074> Yearly prestige = 1;Firearm Training = <:infantry_power:1005773918675669073> Infantry Combat Ability = 0.1;Son of Heaven = <:legitimacy:1005774036359454720> Yearly Legitimacy = 1 && <:imperial_mandate:1005773908621930506> Mandate growth modifier = 0.05;Middle Kingdom = <:diplomatic_reputation:1005773452348756028> Diplomatic Reputation = 1;Chinese;Chinese
vindhyan_ideas;<:num_accepted_cultures:1005098700940509284> Max promoted culture = 1 && <:fort_maintenance_modifier:1005773641922916452> Fort maintenance = -0.2;<:cavalry_power:1005098688223383734> Cavalry combat ability = 0.10;tag = Bundelkhand && tag = Baghelkhand && tag = Kalinjar &&tag = Gwalior &&NOT =  primary_culture = Marathi && ;Rajput Connections = <:diplomatic_reputation:1005773452348756028> Diplomatic Reputation = 1;Forts of the Vindhyas = <:defensiveness:1005773436997615728> Fort Defence = 0.15;A Sacred Land = <:tolerance_own:1005775364745855036> Tolerance of True Faith = 1;Bundeli Kalam = <:prestige:1005120779614163074> Yearly prestige = 1;Untamed Lands = <:hostile_attrition:1005773891261710396> Attrition for enemies = 1;Diamond Mines = <:trade_efficiency:1005098702572093592> Trade efficiency = 0.1;Candella Legacy = <:legitimacy:1005774036359454720> Yearly Legitimacy = 1;Vindhyan;Vindhyan
kurdish_ideas;<:diplomats:1005773457105113150> Diplomat = 1 && <:defensiveness:1005773436997615728> Fort Defence = 0.15;<:free_leader_pool:1005773647891419136> Leader without upkeep = 1;primary_culture = Kurdish;Mountain Warriors = <:hostile_attrition:1005773891261710396> Attrition for enemies = 1;Li Gora Gawirî Kurd Misilman e = <:tolerance_heretic:1005120820315697223> Tolerance of Heretics = 2;Kurdish Tribes = <:global_manpower_modifier:1005773672226771036> National manpower modifier = 0.1;Active Diplomacy = <:diplomatic_upkeep:1005773455423180860> Diplomatic relation = 1;Kurdish Mercenaries = <:merc_maintenance_modifier:1005774245986566215> Mercenary maintenance = -0.15;Legacy of the Kurdish Dynasties = <:legitimacy:1005774036359454720> Yearly Legitimacy = 1;Gorani Literature = <:prestige_decay:1005775002873892884> Yearly <:prestige:1005120779614163074> Yearly prestige decay = -0.01;Kurdish;Kurdish
laotian_ideas;<:tolerance_own:1005775364745855036> Tolerance of True Faith = 2 && <:global_tax_modifier:1005098696217739294> National tax modifier = 0.1;<:land_forcelimit_modifier:1005098698046443660> Land force limit modifier = 0.2;primary_culture = Lao;Phra Lak Phra Lam = <:global_unrest:1005773867131883530> National unrest = -1;Nithan Khun Borom = <:prestige:1005120779614163074> Yearly prestige = 1;Satsana Phi = <:tolerance_heathen:1005101080507600986> Tolerance of Heathens = 2;Laotian Ethnic Diversity = ;Laotian Elephant Cavalry = <:infantry_power:1005773918675669073> Infantry Combat Ability = 0.1;Southern Silk Road = <:trade_efficiency:1005098702572093592> Trade efficiency = 0.1;Laotian Hill Warfare = <:fort_maintenance_modifier:1005773641922916452> Fort maintenance = -0.1;Laotian;laotian
somali_ideas;<:infantry_cost:1005773915613831249> Infantry Cost = -0.1 && <:trade_steering:1005775370697572363> Trade Steering = 0.15;<:land_forcelimit_modifier:1005098698046443660> Land force limit modifier = 0.2;primary_culture = Somali && primary_culture = Harari && primary_culture = Afar && ;Maritime Heritage = <:light_ship_cost:1005774042625753088> Light ship cost = -0.20;Qalqads = <:fort_maintenance_modifier:1005773641922916452> Fort maintenance = -0.2;Somali Clans = <:global_manpower_modifier:1005773672226771036> National manpower modifier = 0.15;Offensive Warfare = <:infantry_power:1005773918675669073> Infantry Combat Ability = 0.1;Indian Ocean Trade = <:trade_efficiency:1005098702572093592> Trade efficiency = 0.1;Corsairs of the Red Sea = <:light_ship_power:1005774044039225395> Light ship combat ability = 0.1;Arab and Persian Influx = <:advisor_cost:1005120766569893988> Advisor cost = -0.1;Somali;Somali
sulawesi_ideas;<:naval_forcelimit_modifier:1005774951384629288> Naval force limit modifier = 0.25 && <:sailor_maintenance_modifer:1005120782411767882> Sailor maintenance = -0.1;<:trade_efficiency:1005098702572093592> Trade efficiency = 0.1;primary_culture = Sulawesi;Intra-Asian Trade Network = <:trade_steering:1005775370697572363> Trade Steering = 0.1;The Bajau = <:navy_tradition_decay:1005774959932612609> Yearly Yearly navy tradition decay = -0.01;The Prau = <:light_ship_cost:1005774042625753088> Light ship cost = -0.2;Unification of Sulawesi = <:global_tax_modifier:1005098696217739294> National tax modifier = 0.1;Encourage Diffusion of Ideas = <:global_institution_spread:1005773668795813931> Institution spread = 0.1;Entrepot of Trade = <:global_trade_power:1005773865437376582> Global trade power = 0.1;Asymmetrical Resistance = <:hostile_attrition:1005773891261710396> Attrition for enemies = 1;Sulawesi;Sulawesi
CHA_ideas;<:navy_tradition:1005774958540107819> Yearly navy tradition = 1 && <:light_ship_power:1005774044039225395> Light ship combat ability = 0.15;<:naval_forcelimit_modifier:1005774951384629288> Naval force limit modifier = 0.25;primary_culture = Cham;Memory of the My Son Temples = <:tolerance_own:1005775364745855036> Tolerance of True Faith = 2;A Seafaring People = <:light_ship_cost:1005774042625753088> Light ship cost = -0.20;South Indian Connections = <:global_trade_power:1005773865437376582> Global trade power = 0.1;Cham Migrations = <:global_colonial_growth:1005773661422227508> Global settler increase = 15;Che Man's Legacy = <:improve_relation_modifier:1005773914078720100> Improve relations = 0.2;Agarwood = <:trade_efficiency:1005098702572093592> Trade efficiency = 0.1;Resisting Foreign Rule = <:defensiveness:1005773436997615728> Fort Defence = 0.1;Champan;Champa
mayan_ideas;<:global_unrest:1005773867131883530> National unrest = -1 && <:defensiveness:1005773436997615728> Fort Defence = 0.15;<:infantry_power:1005773918675669073> Infantry Combat Ability = 0.1;religion = Mayan;The Sacred Cenote = <:stability_cost_modifier:1005120800417906871> Stability cost modifier = -0.1;Building Traditions = <:development_cost:1005773438989914184> Development cost = -0.1;Ancient Feuds = <:ae_impact:1005120769891762206> Aggressive expansion impact = -0.10;Shipwreck Survivors = <:technology_cost:1005120815056044053> Technology cost = -0.05;Kuchkabal = <:global_tax_modifier:1005098696217739294> National tax modifier = 0.1;Remote Isolation = <:hostile_attrition:1005773891261710396> Attrition for enemies = 1.0;Caste War = <:land_morale:1005774027152965652> Morale of armies = 0.1;Mayan;Mayan
moluccan_ideas;<:global_trade_goods_size_modifier:1005773860764921856> Goods produced modifier = 0.1 && <:production_efficiency:1005775011753234442> Production efficiency = 0.1;<:sailor_maintenance_modifer:1005120782411767882> Sailor maintenance = -0.1;primary_culture = Moluccan;The Spice Islands = <:trade_efficiency:1005098702572093592> Trade efficiency = 0.1;Shared Cultural Heritage = <:legitimacy:1005774036359454720> Yearly Legitimacy = 1;Agents of Trade = <:merchants:1005774255495053442> Merchants = 1;Four Kingdoms = <:global_unrest:1005773867131883530> National unrest = -2;Dominance over the Outer Islands = <:global_colonial_growth:1005773661422227508> Global settler increase = 20;Alliance with the Papuans = <:light_ship_power:1005774044039225395> Light ship combat ability = 0.15;Pragmatic Diplomacy = <:diplomats:1005773457105113150> Diplomat = 1;Moluccan;Moluccan
greek_ideas;<:galley_cost:1005773652287037531> Galley cost = -0.2 && <:sailor_maintenance_modifer:1005120782411767882> Sailor maintenance = -0.1;<:core_creation:1005098690484113489> Core-Creation Cost = -0.1;primary_culture = Greek;Greek Orthodox Faith = <:tolerance_own:1005775364745855036> Tolerance of True Faith = 2;Maritime Heritage = <:navy_tradition:1005774958540107819> Yearly navy tradition = 1;Klephtic Recruitment = <:infantry_power:1005773918675669073> Infantry Combat Ability = 0.1;Greek Diaspora = <:advisor_cost:1005120766569893988> Advisor cost = -0.1;Control the Mediterranean Trade = <:trade_efficiency:1005098702572093592> Trade efficiency = 0.1;Philhellenism = <:diplomatic_reputation:1005773452348756028> Diplomatic Reputation = 1 && <:diplomatic_upkeep:1005773455423180860> Diplomatic relation = 1;Greek Enlightenment = <:idea_cost:1005773900464005170> Idea cost = -0.1;Greek;Greek
nubian_ideas;<:global_tax_modifier:1005098696217739294> National tax modifier = 0.1 && <:diplomatic_upkeep:1005773455423180860> Diplomatic relation = 1;<:land_maintenance_modifier:1005774025739489320> Land Maintenance modifier = -0.05;primary_culture = Nubian && primary_culture = Beja && ;The Nile = <:global_trade_goods_size_modifier:1005773860764921856> Goods produced modifier = 0.1;Nubian Heritage = <:stability_cost_modifier:1005120800417906871> Stability cost modifier = -0.1;Warriors of the Sahara Desert = <:hostile_attrition:1005773891261710396> Attrition for enemies = 1;Encourage Long-Distance Trade = <:caravan_power:1005773321108979814> Caravan power = 0.1;Nubian <:religious_unity:1005120781216383077> Religious unity = <:global_missionary_strength:1005773673753485373> Missionary strength = 0.02;Desert Cavalry = <:cavalry_power:1005098688223383734> Cavalry combat ability = 0.10;Fortified Strongholds = <:fort_maintenance_modifier:1005773641922916452> Fort maintenance = -0.1;Nubian;Nubian
french_culture_ideas;<:fort_maintenance_modifier:1005773641922916452> Fort maintenance = -0.1 && <:cavalry_cost:1005773403501903894> Cavalry cost = -0.1;<:global_tax_modifier:1005098696217739294> National tax modifier = 0.1;culture_group = French;Men of Trade = <:global_own_trade_power:1005773680036556850> Domestic trade power = 0.10;Renaissance Palaces = <:prestige_decay:1005775002873892884> Yearly <:prestige:1005120779614163074> Yearly prestige decay = -0.01;Qui Ruit Et Lethum = <:infantry_power:1005773918675669073> Infantry Combat Ability = 0.1;Religious Conviction = <:tolerance_own:1005775364745855036> Tolerance of True Faith = 2;French Cuisine = <:prestige:1005120779614163074> Yearly prestige = 1;French Enlightenment = <:diplomatic_upkeep:1005773455423180860> Diplomatic relation = 1;La Petite Nation = <:land_morale:1005774027152965652> Morale of armies = 0.1;French_Culture;french_culture
african_great_lakes_ideas;<:loot_amount:1005772108372127815> Looting speed = 0.25 && <:hostile_attrition:1005773891261710396> Attrition for enemies = 1.0;<:merchants:1005774255495053442> Merchants = 1;culture_group = Great Lakes;Source of the Nile = <:global_manpower_modifier:1005773672226771036> National manpower modifier = 0.15;Heirs of Kitara = <:prestige:1005120779614163074> Yearly prestige = 1;No Illegitimate Children = <:heir_chance:1005773886434058311> Chance of new heir = 0.5;Holy Lineages = <:tolerance_own:1005775364745855036> Tolerance of True Faith = 2;Emitwe = <:infantry_cost:1005773915613831249> Infantry Cost = -0.1;Unity of the Clans = <:infantry_power:1005773918675669073> Infantry Combat Ability = 0.1;Development of Clientship = <:global_tax_modifier:1005098696217739294> National tax modifier = 0.1;African_Great_Lakes;Great Lakes
malagasy_ideas;<:stability_cost_modifier:1005120800417906871> Stability cost modifier = -0.1 && <:light_ship_cost:1005774042625753088> Light ship cost = -0.2;<:naval_forcelimit_modifier:1005774951384629288> Naval force limit modifier = 0.25;primary_culture = Malagasy;Fortify the Coastline = <:defensiveness:1005773436997615728> Fort Defence = 0.15;Zafivolamena = <:legitimacy:1005774036359454720> Yearly Legitimacy = 1;Pirate Ports = ;Martial Traditions = <:global_manpower_modifier:1005773672226771036> National manpower modifier = 0.1;Sacred Law = <:global_unrest:1005773867131883530> National unrest = -1;Control of the Foreign Traders = <:trade_efficiency:1005098702572093592> Trade efficiency = 0.1;Permanent Taxation System = <:global_tax_modifier:1005098696217739294> National tax modifier = 0.1;Malagasy;malagasy
zambezi_ideas;<:infantry_power:1005773918675669073> Infantry Combat Ability = 0.1 && <:global_manpower_modifier:1005773672226771036> National manpower modifier = 0.1;<:vassal_income:1005775394147938406> Income from vassals = 0.20;primary_culture = Nyasa && primary_culture = Makua && ;Warrior Culture = <:merc_maintenance_modifier:1005774245986566215> Mercenary maintenance = -0.15;Maravi Influences = ;Control of the Zambezi Trade = <:global_own_trade_power:1005773680036556850> Domestic trade power = 0.25;Strengthen the Chieftaincies = <:global_unrest:1005773867131883530> National unrest = -1;Centralizing the Mbona cult = <:legitimacy:1005774036359454720> Yearly Legitimacy = 1 && <:devotion:1005773440755712010> Yearly devotion = 1;Wealth of the Shire Valley = <:diplomatic_annexation_cost:1005773450964643870> Diplomatic Annexation Cost = -0.15;Loyal Representatives = <:global_tax_modifier:1005098696217739294> National tax modifier = 0.1;Zambezi;Zambezi
congolese_minor_ideas;<:hostile_attrition:1005773891261710396> Attrition for enemies = 1.0 && <:land_attrition:1005774022136582144> Land Attrition = -0.1;<:free_leader_pool:1005773647891419136> Leader without upkeep = 1;culture_group = Kongo;The Kongo River Basin = <:defensiveness:1005773436997615728> Fort Defence = 0.1;Elephant Hunts = <:global_manpower_modifier:1005773672226771036> National manpower modifier = 0.1;Aristocratic Merit = <:stability_cost_modifier:1005120800417906871> Stability cost modifier = -0.1;Initiation Rites = <:infantry_cost:1005773915613831249> Infantry Cost = -0.1;Aggressive Migration = <:culture_conversion_cost:1005773431515656232> Culture conversion cost = -0.1;Subordinate Chiefs = <:global_unrest:1005773867131883530> National unrest = -1;The Ivory Trade = <:trade_efficiency:1005098702572093592> Trade efficiency = 0.1;Congolese_Minor;congolese_minor
caspian_ideas;<:merc_maintenance_modifier:1005774245986566215> Mercenary maintenance = -0.15 && <:development_cost:1005773438989914184> Development cost = -0.1;<:prestige:1005120779614163074> Yearly prestige = 1;primary_culture = Mazandarani;The Riches of Tabarestan = <:global_trade_goods_size_modifier:1005773860764921856> Goods produced modifier = 0.1;A Time of Turmoil = <:infantry_power:1005773918675669073> Infantry Combat Ability = 0.1;Caspian Silk = <:production_efficiency:1005775011753234442> Production efficiency = 0.1;Protect the Caspian Trade = <:caravan_power:1005773321108979814> Caravan power = 0.2;Unite the states of Tabarestan = <:global_tax_modifier:1005098696217739294> National tax modifier = 0.1;A Safe Haven = <:defensiveness:1005773436997615728> Fort Defence = 0.2;Promote Foreign Trade = <:merchants:1005774255495053442> Merchants = 1;Caspian;caspian
luzon_ideas;<:global_trade_goods_size_modifier:1005773860764921856> Goods produced modifier = 0.1 && <:navy_tradition:1005774958540107819> Yearly navy tradition = 1;<:naval_morale:1005774954232549396> Morale of navies = 0.2;tag = Pangasinan && tag = Tondo && tag = Maynila && ;Barangay State = <:naval_maintenance_modifier:1005774952743567430> Naval maintenance modifier = -0.2 && <:sailor_maintenance_modifer:1005120782411767882> Sailor maintenance = -0.1;Conquest of Paradise = <:hostile_attrition:1005773891261710396> Attrition for enemies = 1;Sino-Philippine Trade = <:global_ship_trade_power:1005773846986641510> Ship trade power = 0.1;Tagalog Syncretism = <:tolerance_heathen:1005101080507600986> Tolerance of Heathens = 2;Luzon Sailors = <:navy_tradition_decay:1005774959932612609> Yearly Yearly navy tradition decay = -0.01;A Safe Haven = <:advisor_cost:1005120766569893988> Advisor cost = -0.1;Expand the Sugar Production = <:production_efficiency:1005775011753234442> Production efficiency = 0.1;Luzon;luzon
highland_scottish_ideas;<:garrison_size:1005773656581996555> Garrison size = 0.25 && <:heir_chance:1005773886434058311> Chance of new heir = 0.5;<:manpower_recovery_speed:1005098699531243600> Manpower recovery speed = 0.1;primary_culture = Highlander;The Wallace = <:land_morale:1005774027152965652> Morale of armies = 0.15;The Highland Clans = <:hostile_attrition:1005773891261710396> Attrition for enemies = 1;Storming the Castle = <:siege_ability:1005120793438593115> Siege ability = 0.10;Episcopalianism = <:religious_unity:1005120781216383077> Religious unity = 0.1 && <:stability_cost_modifier:1005120800417906871> Stability cost modifier = -0.1;Highland Charge = <:shock_damage:1005120789978296391> Shock damage = 0.15;The Arming Act = <:global_manpower_modifier:1005773672226771036> National manpower modifier = 0.1;Ossian = <:prestige:1005120779614163074> Yearly prestige = 1;Highland_Scottish;Highlander
deccani_muslim_ideas;<:cavalry_power:1005098688223383734> Cavalry combat ability = 0.1 && <:num_accepted_cultures:1005098700940509284> Max promoted culture = 1;<:global_manpower_modifier:1005773672226771036> National manpower modifier = 0.1;religion_group = Muslim && primary_culture = Marathi && culture_group = Dravidian && ;Legacy of the Bahmani Sultanate = <:legitimacy:1005774036359454720> Yearly Legitimacy = 1;Promote Deccani Regional Identity = <:idea_cost:1005773900464005170> Idea cost = -0.10;Appoint Brahmin Administrators = <:stability_cost_modifier:1005120800417906871> Stability cost modifier = -0.1;Purchase Habshis = <:infantry_power:1005773918675669073> Infantry Combat Ability = 0.1;Bargi Giri = <:cavalry_flanking:1005773405267701792> Cavalry flanking ability = 0.5;Strengthen Ties with Marathi Cultivators = <:production_efficiency:1005775011753234442> Production efficiency = 0.1;Joint Marathi-Habshi State = <:advisor_cost:1005120766569893988> Advisor cost = -0.1;Deccani_Muslim;deccani_muslim
nepalese_minor_ideas;<:land_morale:1005774027152965652> Morale of armies = 0.10 && <:manpower_recovery_speed:1005098699531243600> Manpower recovery speed = 0.1;<:infantry_power:1005773918675669073> Infantry Combat Ability = 0.1;primary_culture = Pahari && primary_culture = Nepali && ;Continue Temple Construction = <:build_cost:1005773315069198356> Construction Cost = -0.1;Invite Kashmiri Traders = <:merchants:1005774255495053442> Merchants = 1;Institute New Festivals = <:tolerance_own:1005775364745855036> Tolerance of True Faith = 1;Kavindra = <:prestige:1005120779614163074> Yearly prestige = 1;Seize the Mountain Passes = <:defensiveness:1005773436997615728> Fort Defence = 0.15;Enact Judicial Reforms = <:stability_cost_modifier:1005120800417906871> Stability cost modifier = -0.1;End the Division of Domains = <:global_autonomy:1005773659518021773> Monthly autonomy change = -0.05;Nepalese_Minor;nepalese_minor
garjati_ideas;<:global_tax_modifier:1005098696217739294> National tax modifier = 0.1 && <:fort_maintenance_modifier:1005773641922916452> Fort maintenance = -0.15;<:stability_cost_modifier:1005120800417906871> Stability cost modifier = -0.1;primary_culture = Jharkandi && primary_culture = Garjati && ;Securing Our Defenses = ;Ancient Mandalas = <:legitimacy:1005774036359454720> Yearly Legitimacy = 1;Tribal Feudatories = <:global_manpower_modifier:1005773672226771036> National manpower modifier = 0.15;Extend Tanks and Reservoirs = <:development_cost:1005773438989914184> Development cost = -0.1;Jungle Warfare = <:infantry_power:1005773918675669073> Infantry Combat Ability = 0.1;Jagannath Cult = <:tolerance_own:1005775364745855036> Tolerance of True Faith = 2;Patronize Economic Growth = <:global_trade_goods_size_modifier:1005773860764921856> Goods produced modifier = 0.1;Garjati;Garjati
malabari_ideas;<:global_trade_goods_size_modifier:1005773860764921856> Goods produced modifier = 0.1 && <:merc_maintenance_modifier:1005774245986566215> Mercenary maintenance = -0.15;<:global_trade_power:1005773865437376582> Global trade power = 0.1;primary_culture = Malayalam;Merchants of Southern India = ;Cultural Melting Pot = <:advisor_cost:1005120766569893988> Advisor cost = -0.1;Patronize the Kerala School = <:technology_cost:1005120815056044053> Technology cost = -0.05;Trade Factors = <:merchants:1005774255495053442> Merchants = 1;Control the Inland = <:global_prov_trade_power_modifier:1005773683152916560> Provincial trade power = 0.15;Mapilla Sailors = <:navy_tradition:1005774958540107819> Yearly navy tradition = 1;Land of Elephants = <:global_unrest:1005773867131883530> National unrest = -1;Malabari;malabari
maori_ideas;<:global_regiment_recruit_speed:1005773687737290762> Recruitment time = -0.10 && <:harsh_treatment_cost:1005773881447034932> Harsh treatment cost = -0.20;<:prestige:1005120779614163074> Yearly prestige = 1;primary_culture = Maori;Sons of Kupe = <:global_sailors_modifier:1005773842528079994> National sailors modifier = 0.10 && <:range:1005775205530091561> Colonial range = 0.10;Kaitiakitanga = <:tolerance_own:1005775364745855036> Tolerance of True Faith = 1;Kaumatua = <:stability_cost_modifier:1005120800417906871> Stability cost modifier = -0.20;Kapa Haka = <:land_morale:1005774027152965652> Morale of armies = 0.10;Pa Defence = <:fort_maintenance_modifier:1005773641922916452> Fort maintenance = -0.10;Te Moko = <:leader_land_shock:1005772049727369336> Land leader shock = 1;The Maori King Movement = <:core_creation:1005098690484113489> Core-Creation Cost = -0.10 && <:legitimacy:1005774036359454720> Yearly Legitimacy = 1;Maori;Maori
nw_native_ideas;<:land_morale:1005774027152965652> Morale of armies = 0.10 && <:heir_chance:1005773886434058311> Chance of new heir = 0.5;<:army_tradition_decay:1005773269384843344> Yearly <:army_tradition:1005773267652591657> Yearly Army Tradition Decay = -0.01;primary_culture = Athabascan && primary_culture = Chinook && primary_culture = Haida && primary_culture = Salish && ;Raid Warfare = infantry_shock = 0.5 && rival_change_cost = -0.2;Brother Salmon = <:tolerance_own:1005775364745855036> Tolerance of True Faith = 1;Potlatch = <:improve_relation_modifier:1005773914078720100> Improve relations = 0.2 && <:global_unrest:1005773867131883530> National unrest = -2;Mother and Father = <:advisor_pool:1005120768029499473> Possible Advisors = 1 && <:female_advisor_chance:1005773633047756881> Female advisor chance = 0.1;Totem Poles = <:prestige_decay:1005775002873892884> Yearly <:prestige:1005120779614163074> Yearly prestige decay = -0.01 && <:stability_cost_modifier:1005120800417906871> Stability cost modifier = -0.1;Canoe People = <:leader_land_manuever:1005772048376811661> Land leader maneuver = 1;Division as a Strength = <:num_accepted_cultures:1005098700940509284> Max promoted culture = 1 && promote_culture_cost = -0.25;Nw_Native;nw_native
plains_native_ideas;<:tolerance_own:1005775364745855036> Tolerance of True Faith = 1 && <:state_maintenance_modifier:1005120805161681037> State maintenance = -0.25;<:infantry_cost:1005773915613831249> Infantry Cost = -0.10;culture_group = Caddoan && culture_group = Plains Algonquian && culture_group = Siouan && primary_culture = Chipewyan && primary_culture = Kiowa && primary_culture = Shoshone &&NOT =  primary_culture = Caddo ;Dwellers of Tipis = migration_cost = -0.20;Bow Archery = <:fire_damage:1005773634507382784> Land fire damage = 0.10;Bison Hunters = <:development_cost:1005773438989914184> Development cost = -0.10 && <:land_attrition:1005774022136582144> Land Attrition = -0.10;Peaceful People = <:diplomatic_reputation:1005773452348756028> Diplomatic Reputation = 1 && <:stability_cost_modifier:1005120800417906871> Stability cost modifier = -0.10;Sun Dance = <:global_unrest:1005773867131883530> National unrest = -2;Plains Sign Language = <:prestige:1005120779614163074> Yearly prestige = 0.5;Horse Riders = <:cav_to_inf_ratio:1005773402411384853> Cavalry to Infantry Ratio = 0.10 && <:envoy_travel_time:1005773616387981323> Envoy travel time = -0.2 && <:movement_speed:1005774307571548191> Movement speed = 0.10;Plains_Native;plains_native
california_native_ideas;<:autonomy_change_time:1005773283427373119> Autonomy change cooldown = -0.25 && <:same_culture_advisor_cost:1005775261645672508> Cost of advisors with ruler's culture = -0.25;<:years_of_nationalism:1005775426955784282> Years of separatism = -5;primary_culture = Yokuts;Division as a Strength = <:num_accepted_cultures:1005098700940509284> Max promoted culture = 1 && promote_culture_cost = -0.25;Basketweaving = <:production_efficiency:1005775011753234442> Production efficiency = 0.05;Tribelets = <:diplomatic_upkeep:1005773455423180860> Diplomatic relation = 1 && <:stability_cost_modifier:1005120800417906871> Stability cost modifier = -0.10;Forest Gardening = <:development_cost:1005773438989914184> Development cost = -0.10;Kuksu Cult = <:religious_unity:1005120781216383077> Religious unity = 0.5;Rock Art = <:prestige_decay:1005775002873892884> Yearly <:prestige:1005120779614163074> Yearly prestige decay = -0.01 && <:global_unrest:1005773867131883530> National unrest = -2;Ceremonial People = <:land_attrition:1005774022136582144> Land Attrition = -0.10;California_Native;california_native
ne_native_ideas;<:ship_durability:1005120784517316719> Ship durability = 0.05 && <:naval_forcelimit_modifier:1005774951384629288> Naval force limit modifier = 0.50;<:diplomatic_upkeep:1005773455423180860> Diplomatic relation = 1; && government = Native Tribe && && culture_group = Central Algonquian &&culture_group = Eastern Algonquian &&culture_group = Iroquoian &&primary_culture = Chiwere &&primary_culture = Osage && &&NOT = &&tag = Cherokee && && tag = Tuscarora && && &&tag = Potawatomi && tag = Illiniwek && ;Turtle Clan = <:defensiveness:1005773436997615728> Fort Defence = 0.15;Deer Clan = <:num_accepted_cultures:1005098700940509284> Max promoted culture = 1 && promote_culture_cost = -0.25;Bear Clan = <:manpower_recovery_speed:1005098699531243600> Manpower recovery speed = 0.2;Wolf Clan = <:diplomatic_reputation:1005773452348756028> Diplomatic Reputation = 1;Marten Clan = <:land_morale:1005774027152965652> Morale of armies = 0.10;Eagle Clan = <:improve_relation_modifier:1005773914078720100> Improve relations = 0.1 && <:fabricate_claims_cost:1005773631353278484> Cost to fabricate claims = -0.25;Crane Clan = <:global_colonial_growth:1005773661422227508> Global settler increase = 20;Ne_Native;ne_native
se_native_ideas;<:global_tax_modifier:1005098696217739294> National tax modifier = 0.1 && <:global_unrest:1005773867131883530> National unrest = -1;<:hostile_attrition:1005773891261710396> Attrition for enemies = 1;government = Native Tribe && culture_group = Muskogean && primary_culture = Caddo && tag = Cherokee && tag = Tuscarora && ;Mississippian Legacy = <:core_creation:1005098690484113489> Core-Creation Cost = -0.15;Matrilineal Lineage = <:may_recruit_female_generals:1005774074150146048> May recruit female generals = yes && <:stability_cost_modifier:1005120800417906871> Stability cost modifier = -0.1;Refined Ceramics = <:trade_efficiency:1005098702572093592> Trade efficiency = 0.1;Cultivation of the Earth = <:production_efficiency:1005775011753234442> Production efficiency = 0.1 && <:land_attrition:1005774022136582144> Land Attrition = -0.1;Mound Builders = <:build_cost:1005773315069198356> Construction Cost = -0.1;Exogamous Marriages = <:improve_relation_modifier:1005773914078720100> Improve relations = 0.15;Stomp Dancers = <:discipline:1005098692254105711> Discipline = 0.05;Se_Native;se_native
sw_native_ideas;<:may_recruit_female_generals:1005774074150146048> May recruit female generals = yes && <:prestige_from_land:1005775004874571826> <:prestige:1005120779614163074> Yearly prestige from land battles = 1.0;<:global_autonomy:1005773659518021773> Monthly autonomy change = -0.05;government = Native Tribe && culture_group = Apachean && culture_group = Sonoran &&NOT =primary_culture = Kiowa &&primary_culture = Shoshone &&;The Old Tales = <:idea_cost:1005773900464005170> Idea cost = -0.1;Four Clans = <:reinforce_speed:1005775230482006016> Reinforce speed = 0.15;Raiding Nomads = <:land_morale:1005774027152965652> Morale of armies = 0.1;Prosperous Sedentarism = <:development_cost:1005773438989914184> Development cost = -0.1;The Grand Canyon = <:defensiveness:1005773436997615728> Fort Defence = 0.15;Into the Desert = <:hostile_attrition:1005773891261710396> Attrition for enemies = 1.0;Far West = <:ae_impact:1005120769891762206> Aggressive expansion impact = -0.1;Sw_Native;sw_native
fijian_ideas;<:light_ship_power:1005774044039225395> Light ship combat ability = 0.1 && <:naval_attrition:1005774949836927056> Naval attrition = -0.1;<:ae_impact:1005120769891762206> Aggressive expansion impact = -0.2;tag = Lau && tag = Viti Levu && tag = Viti && tag = Vanua Levu && ;Crossroad of Cultures = <:num_accepted_cultures:1005098700940509284> Max promoted culture = 2;Lutunasobasoba and Degel = <:range:1005775205530091561> Colonial range = 0.1 && <:global_ship_trade_power:1005773846986641510> Ship trade power = 0.1;Conjoined Society = <:global_missionary_strength:1005773673753485373> Missionary strength = 0.02;Waqa Drua = <:prestige_from_naval:1005775006569082901> <:prestige:1005120779614163074> Yearly prestige from naval battles = 1 && <:naval_tradition_from_battle:1005774955587326002> Naval tradition from battles = 0.5;Fijian Warlords = <:army_tradition:1005773267652591657> Yearly Army Tradition = 0.5 && <:land_morale:1005774027152965652> Morale of armies = 0.1;Kai Colo = <:land_attrition:1005774022136582144> Land Attrition = -0.25;Confederacy of Kingdoms = <:global_tax_modifier:1005098696217739294> National tax modifier = 0.05 && <:production_efficiency:1005775011753234442> Production efficiency = 0.05;Fijian;fijian
hawaiian_ideas;<:light_ship_power:1005774044039225395> Light ship combat ability = 0.2 && <:navy_tradition:1005774958540107819> Yearly navy tradition = 0.5;<:may_explore:1005774235756662844> Can recruit explorers and conquistadors. Explorers may explore ocean provinces. = yes && <:global_colonial_growth:1005773661422227508> Global settler increase = 20;tag = Hawai'i && tag = Kaua'i && tag = Maui && tag = O'ahu && tag = Hawai'i && ;Preserving the Kapu System = <:global_missionary_strength:1005773673753485373> Missionary strength = 0.01 && <:tolerance_own:1005775364745855036> Tolerance of True Faith = 2;Repurposing the Ali'i Nui = <:legitimacy:1005774036359454720> Yearly Legitimacy = 1;Hula = <:prestige:1005120779614163074> Yearly prestige = 1;Ohana = <:diplomatic_upkeep:1005773455423180860> Diplomatic relation = 1 && <:num_accepted_cultures:1005098700940509284> Max promoted culture = 2;Kanawai Mamalahoe = <:manpower_recovery_speed:1005098699531243600> Manpower recovery speed = 0.2;Naha Prophecy = <:core_creation:1005098690484113489> Core-Creation Cost = -0.15;Legendary Voyagers = <:range:1005775205530091561> Colonial range = 0.4 && <:leader_naval_manuever:1005774031766700102> Naval leader maneuver = 1;Hawaiian;hawaiian
iroquoian_federation_ideas;<:global_unrest:1005773867131883530> National unrest = -2 && <:diplomatic_reputation:1005773452348756028> Diplomatic Reputation = 1;<:stability_cost_modifier:1005120800417906871> Stability cost modifier = -0.10;primary_culture = Iroquois && is_federation_nation = yes && ;Great Law of Peace = <:diplomatic_upkeep:1005773455423180860> Diplomatic relation = 1;Tree of Peace = <:defensiveness:1005773436997615728> Fort Defence = 0.15;Great White Roots = <:improve_relation_modifier:1005773914078720100> Improve relations = 0.2;Into the Grave = <:prestige_from_land:1005775004874571826> <:prestige:1005120779614163074> Yearly prestige from land battles = 1.0;The Good Word = <:land_morale:1005774027152965652> Morale of armies = 0.15;Sachems = <:num_accepted_cultures:1005098700940509284> Max promoted culture = 2;The Grand Council = <:global_colonial_growth:1005773661422227508> Global settler increase = 30;Iroquoian_Federation;iroquoian_federation
siouan_federation_ideas;<:tolerance_heathen:1005101080507600986> Tolerance of Heathens = 2 && <:manpower_recovery_speed:1005098699531243600> Manpower recovery speed = 0.15;<:hostile_attrition:1005773891261710396> Attrition for enemies = 1; && is_federation_nation = yes &&primary_culture = Dakota &&tag = Sioux && ;Great Spirit = <:tolerance_own:1005775364745855036> Tolerance of True Faith = 1;Tioshpayes = <:diplomatic_upkeep:1005773455423180860> Diplomatic relation = 1;Between the Rivers = <:land_attrition:1005774022136582144> Land Attrition = -0.20;Trade Fairs = <:merchants:1005774255495053442> Merchants = 1;Oyate = <:advisor_cost:1005120766569893988> Advisor cost = -0.15;Until Death and After = <:land_morale:1005774027152965652> Morale of armies = 0.15;Across the Land = <:global_colonial_growth:1005773661422227508> Global settler increase = 30;Siouan_Federation;siouan_federation
eastern_algonquian_federation_ideas;<:navy_tradition:1005774958540107819> Yearly navy tradition = 1 && <:naval_attrition:1005774949836927056> Naval attrition = -0.25;<:global_manpower_modifier:1005773672226771036> National manpower modifier = 0.1;is_federation_nation = yes && primary_culture = Anicinabe && capital_scope =region = Northeast &&culture_group = Eastern Algonquian && ;Corn, Beans and Squash = <:production_efficiency:1005775011753234442> Production efficiency = 0.1;Seasonal Economy = <:development_cost:1005773438989914184> Development cost = -0.1;Slash and Burn Agriculture = <:hostile_attrition:1005773891261710396> Attrition for enemies = 1;Fishing Habits = <:naval_maintenance_modifier:1005774952743567430> Naval maintenance modifier = -0.2;Whale Hunters = <:naval_morale:1005774954232549396> Morale of navies = 0.1 && <:global_unrest:1005773867131883530> National unrest = -1;White-Tialed Deer = <:army_tradition_decay:1005773269384843344> Yearly <:army_tradition:1005773267652591657> Yearly Army Tradition Decay = -0.01 && <:infantry_power:1005773918675669073> Infantry Combat Ability = 0.1;Back Before Spring = <:global_colonial_growth:1005773661422227508> Global settler increase = 30;Eastern_Algonquian_Federation;eastern_algonquian_federation
central_algonquian_federation_ideas;<:navy_tradition:1005774958540107819> Yearly navy tradition = 1 && <:naval_attrition:1005774949836927056> Naval attrition = -0.25;<:global_manpower_modifier:1005773672226771036> National manpower modifier = 0.1;is_federation_nation = yes && primary_culture = Anicinabe && capital_scope =region = Great Lakes &&region = Canada &&region = Hudson Bay &&culture_group = Central Algonquian && ;Fur Trade = <:production_efficiency:1005775011753234442> Production efficiency = 0.1;Midewiwin = <:tolerance_own:1005775364745855036> Tolerance of True Faith = 2;Medicinal Infusions = <:global_manpower_modifier:1005773672226771036> National manpower modifier = 0.2;Teaching Scrolls = <:idea_cost:1005773900464005170> Idea cost = -0.1;Seven Fires Prophecy = <:technology_cost:1005120815056044053> Technology cost = -0.1;Copper Weaponry = <:army_tradition:1005773267652591657> Yearly Army Tradition = 0.5;Land of the Dawn = <:global_colonial_growth:1005773661422227508> Global settler increase = 30;Central_Algonquian_Federation;central_algonquian_federation
muskogean_federation_ideas;<:num_accepted_cultures:1005098700940509284> Max promoted culture = 1 && <:reinforce_speed:1005775230482006016> Reinforce speed = 0.1;<:prestige:1005120779614163074> Yearly prestige = 1;is_federation_nation = yes && primary_culture = Creek;Totem Animals = <:global_unrest:1005773867131883530> National unrest = -2;Embroidered Skin = <:prestige_decay:1005775002873892884> Yearly <:prestige:1005120779614163074> Yearly prestige decay = -0.01;Green Corn Ceremony = <:diplomatic_upkeep:1005773455423180860> Diplomatic relation = 1;Valiant in War = <:land_morale:1005774027152965652> Morale of armies = 0.15;The Great Ball Game = <:prestige:1005120779614163074> Yearly prestige = 1;Red and White Towns = <:diplomatic_reputation:1005773452348756028> Diplomatic Reputation = 1 && <:army_tradition:1005773267652591657> Yearly Army Tradition = 0.5;Meritocratic Leadership = <:global_colonial_growth:1005773661422227508> Global settler increase = 30;Muskogean_Federation;muskogean_federation
generic_federation_ideas;<:core_creation:1005098690484113489> Core-Creation Cost = -0.10 && <:development_cost:1005773438989914184> Development cost = -0.1;<:diplomatic_reputation:1005773452348756028> Diplomatic Reputation = 1;is_federation_nation = yes && NOT = primary_culture = Iroquois && primary_culture = Creek && primary_culture = Anicinabe && primary_culture = Dakota && ;Council of Elders = <:global_manpower_modifier:1005773672226771036> National manpower modifier = 0.20;Great Chief = <:heir_chance:1005773886434058311> Chance of new heir = 0.5 && <:global_unrest:1005773867131883530> National unrest = -2;Petroglyphs = <:tolerance_own:1005775364745855036> Tolerance of True Faith = 2;Native Sign Language = <:idea_cost:1005773900464005170> Idea cost = -0.1 && <:culture_conversion_cost:1005773431515656232> Culture conversion cost = -0.1;Gender Parity = <:stability_cost_modifier:1005120800417906871> Stability cost modifier = -0.1 && <:female_advisor_chance:1005773633047756881> Female advisor chance = 0.5;Little Brother of War = <:prestige_from_land:1005775004874571826> <:prestige:1005120779614163074> Yearly prestige from land battles = 1.0;Sunrise Invasion = <:global_colonial_growth:1005773661422227508> Global settler increase = 30;Generic_Federation;generic_federation
horn_of_african_ideas;<:stability_cost_modifier:1005120800417906871> Stability cost modifier = -0.1 && <:global_tax_modifier:1005098696217739294> National tax modifier = 0.1;<:prestige:1005120779614163074> Yearly prestige = 1;culture_group = Cushitic && NOT =  primary_culture = SomaliNOT =  primary_culture = TigrayNOT =  tag = Ethiopia ;Aksumite Legacy = <:global_unrest:1005773867131883530> National unrest = -1;The Land of Punt Legend = <:trade_range_modifier:1005775272961904760> Trade <:range:1005775205530091561> Colonial range = 0.2;Highland Cultivation = <:development_cost:1005773438989914184> Development cost = -0.05;Oromo Warriors = <:infantry_power:1005773918675669073> Infantry Combat Ability = 0.1;Religious People = <:tolerance_heathen:1005101080507600986> Tolerance of Heathens = 1;Cushitic Language = <:improve_relation_modifier:1005773914078720100> Improve relations = 0.15;Defensive Nature = <:defensiveness:1005773436997615728> Fort Defence = 0.2;Horn_Of_African;horn_of_african
